{"cameraMode":{"drawMode":0,"name":"Shaded","section":"Shading Mode"},"sceneLighting":false,"audioPlay":false,"sceneViewState":{"m_AlwaysRefresh":false,"showFog":true,"showSkybox":true,"showFlares":true,"showImageEffects":true,"showParticleSystems":true,"showVisualEffectGraphs":true,"m_FxEnabled":true},"in2DMode":false,"pivot":{"x":1.3958508968353272,"y":1.224809169769287,"z":223.57879638671876},"rotation":{"x":-0.021687254309654237,"y":0.673530638217926,"z":-0.021209198981523515,"w":-0.7389644384384155},"size":2.1112289428710939,"orthographic":false}