{"cameraMode":{"drawMode":0,"name":"Shaded","section":"Shading Mode"},"sceneLighting":false,"audioPlay":false,"sceneViewState":{"m_AlwaysRefresh":false,"showFog":true,"showSkybox":true,"showFlares":true,"showImageEffects":true,"showParticleSystems":true,"showVisualEffectGraphs":true,"m_FxEnabled":true},"in2DMode":false,"pivot":{"x":-0.4527103304862976,"y":2.251229763031006,"z":-3.5080881118774416},"rotation":{"x":-0.420407772064209,"y":-0.0002896334626711905,"z":-0.00027360449894331396,"w":-0.9075352549552918},"size":1.679512619972229,"orthographic":false}